id;caminho;nome;width;height;distanciaatual
0;../../../assets/exemplos/0.jpg;0;256;384;0
1;../../../assets/exemplos/1.jpg;1;384;256;0
2;../../../assets/exemplos/2.jpg;2;384;256;0
3;../../../assets/exemplos/3.jpg;3;256;384;0
4;../../../assets/exemplos/4.jpg;4;384;256;0
5;../../../assets/exemplos/5.jpg;5;384;256;0
6;../../../assets/exemplos/6.jpg;6;384;256;0
7;../../../assets/exemplos/7.jpg;7;384;256;0
8;../../../assets/exemplos/8.jpg;8;256;384;0
9;../../../assets/exemplos/9.jpg;9;384;256;0
10;../../../assets/exemplos/10.jpg;10;384;256;0
11;../../../assets/exemplos/11.jpg;11;256;384;0
12;../../../assets/exemplos/12.jpg;12;384;256;0
13;../../../assets/exemplos/13.jpg;13;256;384;0
14;../../../assets/exemplos/14.jpg;14;384;256;0
15;../../../assets/exemplos/15.jpg;15;256;384;0
16;../../../assets/exemplos/16.jpg;16;256;384;0
17;../../../assets/exemplos/17.jpg;17;384;256;0
18;../../../assets/exemplos/18.jpg;18;384;256;0
19;../../../assets/exemplos/19.jpg;19;384;256;0
20;../../../assets/exemplos/20.jpg;20;256;384;0
21;../../../assets/exemplos/21.jpg;21;256;384;0
22;../../../assets/exemplos/22.jpg;22;384;256;0
23;../../../assets/exemplos/23.jpg;23;256;384;0
24;../../../assets/exemplos/24.jpg;24;384;256;0
25;../../../assets/exemplos/25.jpg;25;384;256;0
26;../../../assets/exemplos/26.jpg;26;256;384;0
27;../../../assets/exemplos/27.jpg;27;384;256;0
28;../../../assets/exemplos/28.jpg;28;384;256;0
29;../../../assets/exemplos/29.jpg;29;384;256;0
30;../../../assets/exemplos/30.jpg;30;384;256;0
31;../../../assets/exemplos/31.jpg;31;384;256;0
32;../../../assets/exemplos/32.jpg;32;384;256;0
33;../../../assets/exemplos/33.jpg;33;256;384;0
34;../../../assets/exemplos/34.jpg;34;256;384;0
35;../../../assets/exemplos/35.jpg;35;256;384;0
36;../../../assets/exemplos/36.jpg;36;384;256;0
37;../../../assets/exemplos/37.jpg;37;384;256;0
38;../../../assets/exemplos/38.jpg;38;384;256;0
39;../../../assets/exemplos/39.jpg;39;384;256;0
40;../../../assets/exemplos/40.jpg;40;384;256;0
41;../../../assets/exemplos/41.jpg;41;384;256;0
42;../../../assets/exemplos/42.jpg;42;384;256;0
43;../../../assets/exemplos/43.jpg;43;256;384;0
44;../../../assets/exemplos/44.jpg;44;256;384;0
45;../../../assets/exemplos/45.jpg;45;384;256;0
46;../../../assets/exemplos/46.jpg;46;384;256;0
47;../../../assets/exemplos/47.jpg;47;256;384;0
48;../../../assets/exemplos/48.jpg;48;256;384;0
49;../../../assets/exemplos/49.jpg;49;384;256;0
50;../../../assets/exemplos/50.jpg;50;256;384;0
51;../../../assets/exemplos/51.jpg;51;384;256;0
52;../../../assets/exemplos/52.jpg;52;384;256;0
53;../../../assets/exemplos/53.jpg;53;256;384;0
54;../../../assets/exemplos/54.jpg;54;384;256;0
55;../../../assets/exemplos/55.jpg;55;384;256;0
56;../../../assets/exemplos/56.jpg;56;384;256;0
57;../../../assets/exemplos/57.jpg;57;384;256;0
58;../../../assets/exemplos/58.jpg;58;256;384;0
59;../../../assets/exemplos/59.jpg;59;384;256;0
60;../../../assets/exemplos/60.jpg;60;384;256;0
61;../../../assets/exemplos/61.jpg;61;256;384;0
62;../../../assets/exemplos/62.jpg;62;384;256;0
63;../../../assets/exemplos/63.jpg;63;256;384;0
64;../../../assets/exemplos/64.jpg;64;384;256;0
65;../../../assets/exemplos/65.jpg;65;256;384;0
66;../../../assets/exemplos/66.jpg;66;256;384;0
67;../../../assets/exemplos/67.jpg;67;384;256;0
68;../../../assets/exemplos/68.jpg;68;384;256;0
69;../../../assets/exemplos/69.jpg;69;256;384;0
70;../../../assets/exemplos/70.jpg;70;384;256;0
71;../../../assets/exemplos/71.jpg;71;256;384;0
72;../../../assets/exemplos/72.jpg;72;256;384;0
73;../../../assets/exemplos/73.jpg;73;384;256;0
74;../../../assets/exemplos/74.jpg;74;384;256;0
75;../../../assets/exemplos/75.jpg;75;256;384;0
76;../../../assets/exemplos/76.jpg;76;256;384;0
77;../../../assets/exemplos/77.jpg;77;256;384;0
78;../../../assets/exemplos/78.jpg;78;256;384;0
79;../../../assets/exemplos/79.jpg;79;384;256;0
80;../../../assets/exemplos/80.jpg;80;256;384;0
81;../../../assets/exemplos/81.jpg;81;384;256;0
82;../../../assets/exemplos/82.jpg;82;384;256;0
83;../../../assets/exemplos/83.jpg;83;384;256;0
84;../../../assets/exemplos/84.jpg;84;384;256;0
85;../../../assets/exemplos/85.jpg;85;384;256;0
86;../../../assets/exemplos/86.jpg;86;256;384;0
87;../../../assets/exemplos/87.jpg;87;256;384;0
88;../../../assets/exemplos/88.jpg;88;256;384;0
89;../../../assets/exemplos/89.jpg;89;384;256;0
90;../../../assets/exemplos/90.jpg;90;384;256;0
91;../../../assets/exemplos/91.jpg;91;384;256;0
92;../../../assets/exemplos/92.jpg;92;384;256;0
93;../../../assets/exemplos/93.jpg;93;384;256;0
94;../../../assets/exemplos/94.jpg;94;384;256;0
95;../../../assets/exemplos/95.jpg;95;256;384;0
96;../../../assets/exemplos/96.jpg;96;256;384;0
97;../../../assets/exemplos/97.jpg;97;384;256;0
98;../../../assets/exemplos/98.jpg;98;384;256;0
99;../../../assets/exemplos/99.jpg;99;384;256;0
100;../../../assets/exemplos/100.jpg;100;384;256;0
101;../../../assets/exemplos/101.jpg;101;256;384;0
102;../../../assets/exemplos/102.jpg;102;384;256;0
103;../../../assets/exemplos/103.jpg;103;256;384;0
104;../../../assets/exemplos/104.jpg;104;384;256;0
105;../../../assets/exemplos/105.jpg;105;256;384;0
106;../../../assets/exemplos/106.jpg;106;384;256;0
107;../../../assets/exemplos/107.jpg;107;384;256;0
108;../../../assets/exemplos/108.jpg;108;384;256;0
109;../../../assets/exemplos/109.jpg;109;256;384;0
110;../../../assets/exemplos/110.jpg;110;384;256;0
111;../../../assets/exemplos/111.jpg;111;256;384;0
112;../../../assets/exemplos/112.jpg;112;384;256;0
113;../../../assets/exemplos/113.jpg;113;384;256;0
114;../../../assets/exemplos/114.jpg;114;384;256;0
115;../../../assets/exemplos/115.jpg;115;384;256;0
116;../../../assets/exemplos/116.jpg;116;384;256;0
117;../../../assets/exemplos/117.jpg;117;384;256;0
118;../../../assets/exemplos/118.jpg;118;384;256;0
119;../../../assets/exemplos/119.jpg;119;384;256;0
120;../../../assets/exemplos/120.jpg;120;384;256;0
121;../../../assets/exemplos/121.jpg;121;384;256;0
122;../../../assets/exemplos/122.jpg;122;384;256;0
123;../../../assets/exemplos/123.jpg;123;384;256;0
124;../../../assets/exemplos/124.jpg;124;384;256;0
125;../../../assets/exemplos/125.jpg;125;384;256;0
126;../../../assets/exemplos/126.jpg;126;384;256;0
127;../../../assets/exemplos/127.jpg;127;384;256;0
128;../../../assets/exemplos/128.jpg;128;384;256;0
129;../../../assets/exemplos/129.jpg;129;384;256;0
130;../../../assets/exemplos/130.jpg;130;256;384;0
131;../../../assets/exemplos/131.jpg;131;384;256;0
132;../../../assets/exemplos/132.jpg;132;384;256;0
133;../../../assets/exemplos/133.jpg;133;384;256;0
134;../../../assets/exemplos/134.jpg;134;384;256;0
135;../../../assets/exemplos/135.jpg;135;384;256;0
136;../../../assets/exemplos/136.jpg;136;384;256;0
137;../../../assets/exemplos/137.jpg;137;384;256;0
138;../../../assets/exemplos/138.jpg;138;384;256;0
139;../../../assets/exemplos/139.jpg;139;384;256;0
140;../../../assets/exemplos/140.jpg;140;384;256;0
141;../../../assets/exemplos/141.jpg;141;384;256;0
142;../../../assets/exemplos/142.jpg;142;384;256;0
143;../../../assets/exemplos/143.jpg;143;384;256;0
144;../../../assets/exemplos/144.jpg;144;384;256;0
145;../../../assets/exemplos/145.jpg;145;384;256;0
146;../../../assets/exemplos/146.jpg;146;384;256;0
147;../../../assets/exemplos/147.jpg;147;384;256;0
148;../../../assets/exemplos/148.jpg;148;384;256;0
149;../../../assets/exemplos/149.jpg;149;256;384;0
150;../../../assets/exemplos/150.jpg;150;384;256;0
151;../../../assets/exemplos/151.jpg;151;384;256;0
152;../../../assets/exemplos/152.jpg;152;256;384;0
153;../../../assets/exemplos/153.jpg;153;384;256;0
154;../../../assets/exemplos/154.jpg;154;256;384;0
155;../../../assets/exemplos/155.jpg;155;256;384;0
156;../../../assets/exemplos/156.jpg;156;384;256;0
157;../../../assets/exemplos/157.jpg;157;384;256;0
158;../../../assets/exemplos/158.jpg;158;384;256;0
159;../../../assets/exemplos/159.jpg;159;384;256;0
160;../../../assets/exemplos/160.jpg;160;384;256;0
161;../../../assets/exemplos/161.jpg;161;384;256;0
162;../../../assets/exemplos/162.jpg;162;384;256;0
163;../../../assets/exemplos/163.jpg;163;256;384;0
164;../../../assets/exemplos/164.jpg;164;384;256;0
165;../../../assets/exemplos/165.jpg;165;384;256;0
166;../../../assets/exemplos/166.jpg;166;384;256;0
167;../../../assets/exemplos/167.jpg;167;384;256;0
168;../../../assets/exemplos/168.jpg;168;384;256;0
169;../../../assets/exemplos/169.jpg;169;384;256;0
170;../../../assets/exemplos/170.jpg;170;384;256;0
171;../../../assets/exemplos/171.jpg;171;384;256;0
172;../../../assets/exemplos/172.jpg;172;384;256;0
173;../../../assets/exemplos/173.jpg;173;384;256;0
174;../../../assets/exemplos/174.jpg;174;384;256;0
175;../../../assets/exemplos/175.jpg;175;384;256;0
176;../../../assets/exemplos/176.jpg;176;384;256;0
177;../../../assets/exemplos/177.jpg;177;256;384;0
178;../../../assets/exemplos/178.jpg;178;384;256;0
179;../../../assets/exemplos/179.jpg;179;384;256;0
180;../../../assets/exemplos/180.jpg;180;384;256;0
181;../../../assets/exemplos/181.jpg;181;384;256;0
182;../../../assets/exemplos/182.jpg;182;384;256;0
183;../../../assets/exemplos/183.jpg;183;256;384;0
184;../../../assets/exemplos/184.jpg;184;384;256;0
185;../../../assets/exemplos/185.jpg;185;256;384;0
186;../../../assets/exemplos/186.jpg;186;256;384;0
187;../../../assets/exemplos/187.jpg;187;256;384;0
188;../../../assets/exemplos/188.jpg;188;384;256;0
189;../../../assets/exemplos/189.jpg;189;256;384;0
190;../../../assets/exemplos/190.jpg;190;384;256;0
191;../../../assets/exemplos/191.jpg;191;384;256;0
192;../../../assets/exemplos/192.jpg;192;384;256;0
193;../../../assets/exemplos/193.jpg;193;384;256;0
194;../../../assets/exemplos/194.jpg;194;384;256;0
195;../../../assets/exemplos/195.jpg;195;384;256;0
196;../../../assets/exemplos/196.jpg;196;384;256;0
197;../../../assets/exemplos/197.jpg;197;384;256;0
198;../../../assets/exemplos/198.jpg;198;384;256;0
199;../../../assets/exemplos/199.jpg;199;384;256;0
200;../../../assets/exemplos/200.jpg;200;384;256;0
201;../../../assets/exemplos/201.jpg;201;384;256;0
202;../../../assets/exemplos/202.jpg;202;384;256;0
203;../../../assets/exemplos/203.jpg;203;384;256;0
204;../../../assets/exemplos/204.jpg;204;256;384;0
205;../../../assets/exemplos/205.jpg;205;384;256;0
206;../../../assets/exemplos/206.jpg;206;384;256;0
207;../../../assets/exemplos/207.jpg;207;384;256;0
208;../../../assets/exemplos/208.jpg;208;256;384;0
209;../../../assets/exemplos/209.jpg;209;256;384;0
210;../../../assets/exemplos/210.jpg;210;384;256;0
211;../../../assets/exemplos/211.jpg;211;384;256;0
212;../../../assets/exemplos/212.jpg;212;384;256;0
213;../../../assets/exemplos/213.jpg;213;256;384;0
214;../../../assets/exemplos/214.jpg;214;384;256;0
215;../../../assets/exemplos/215.jpg;215;256;384;0
216;../../../assets/exemplos/216.jpg;216;384;256;0
217;../../../assets/exemplos/217.jpg;217;256;384;0
218;../../../assets/exemplos/218.jpg;218;384;256;0
219;../../../assets/exemplos/219.jpg;219;384;256;0
220;../../../assets/exemplos/220.jpg;220;256;384;0
221;../../../assets/exemplos/221.jpg;221;384;256;0
222;../../../assets/exemplos/222.jpg;222;384;256;0
223;../../../assets/exemplos/223.jpg;223;384;256;0
224;../../../assets/exemplos/224.jpg;224;256;384;0
225;../../../assets/exemplos/225.jpg;225;384;256;0
226;../../../assets/exemplos/226.jpg;226;256;384;0
227;../../../assets/exemplos/227.jpg;227;384;256;0
228;../../../assets/exemplos/228.jpg;228;256;384;0
229;../../../assets/exemplos/229.jpg;229;384;256;0
230;../../../assets/exemplos/230.jpg;230;384;256;0
231;../../../assets/exemplos/231.jpg;231;384;256;0
232;../../../assets/exemplos/232.jpg;232;384;256;0
233;../../../assets/exemplos/233.jpg;233;384;256;0
234;../../../assets/exemplos/234.jpg;234;256;384;0
235;../../../assets/exemplos/235.jpg;235;384;256;0
236;../../../assets/exemplos/236.jpg;236;384;256;0
237;../../../assets/exemplos/237.jpg;237;256;384;0
238;../../../assets/exemplos/238.jpg;238;384;256;0
239;../../../assets/exemplos/239.jpg;239;256;384;0
240;../../../assets/exemplos/240.jpg;240;384;256;0
241;../../../assets/exemplos/241.jpg;241;384;256;0
242;../../../assets/exemplos/242.jpg;242;384;256;0
243;../../../assets/exemplos/243.jpg;243;384;256;0
244;../../../assets/exemplos/244.jpg;244;256;384;0
245;../../../assets/exemplos/245.jpg;245;384;256;0
246;../../../assets/exemplos/246.jpg;246;384;256;0
247;../../../assets/exemplos/247.jpg;247;384;256;0
248;../../../assets/exemplos/248.jpg;248;384;256;0
249;../../../assets/exemplos/249.jpg;249;384;256;0
250;../../../assets/exemplos/250.jpg;250;384;256;0
251;../../../assets/exemplos/251.jpg;251;384;256;0
252;../../../assets/exemplos/252.jpg;252;384;256;0
253;../../../assets/exemplos/253.jpg;253;384;256;0
254;../../../assets/exemplos/254.jpg;254;384;256;0
255;../../../assets/exemplos/255.jpg;255;384;256;0
256;../../../assets/exemplos/256.jpg;256;384;256;0
257;../../../assets/exemplos/257.jpg;257;384;256;0
258;../../../assets/exemplos/258.jpg;258;384;256;0
259;../../../assets/exemplos/259.jpg;259;384;256;0
260;../../../assets/exemplos/260.jpg;260;256;384;0
261;../../../assets/exemplos/261.jpg;261;384;256;0
262;../../../assets/exemplos/262.jpg;262;384;256;0
263;../../../assets/exemplos/263.jpg;263;384;256;0
264;../../../assets/exemplos/264.jpg;264;384;256;0
265;../../../assets/exemplos/265.jpg;265;384;256;0
266;../../../assets/exemplos/266.jpg;266;384;256;0
267;../../../assets/exemplos/267.jpg;267;256;384;0
268;../../../assets/exemplos/268.jpg;268;384;256;0
269;../../../assets/exemplos/269.jpg;269;384;256;0
270;../../../assets/exemplos/270.jpg;270;256;384;0
271;../../../assets/exemplos/271.jpg;271;256;384;0
272;../../../assets/exemplos/272.jpg;272;256;384;0
273;../../../assets/exemplos/273.jpg;273;256;384;0
274;../../../assets/exemplos/274.jpg;274;256;384;0
275;../../../assets/exemplos/275.jpg;275;384;256;0
276;../../../assets/exemplos/276.jpg;276;256;384;0
277;../../../assets/exemplos/277.jpg;277;384;256;0
278;../../../assets/exemplos/278.jpg;278;384;256;0
279;../../../assets/exemplos/279.jpg;279;384;256;0
280;../../../assets/exemplos/280.jpg;280;256;384;0
281;../../../assets/exemplos/281.jpg;281;384;256;0
282;../../../assets/exemplos/282.jpg;282;384;256;0
283;../../../assets/exemplos/283.jpg;283;384;256;0
284;../../../assets/exemplos/284.jpg;284;384;256;0
285;../../../assets/exemplos/285.jpg;285;256;384;0
286;../../../assets/exemplos/286.jpg;286;384;256;0
287;../../../assets/exemplos/287.jpg;287;256;384;0
288;../../../assets/exemplos/288.jpg;288;384;256;0
289;../../../assets/exemplos/289.jpg;289;256;384;0
290;../../../assets/exemplos/290.jpg;290;384;256;0
291;../../../assets/exemplos/291.jpg;291;384;256;0
292;../../../assets/exemplos/292.jpg;292;384;256;0
293;../../../assets/exemplos/293.jpg;293;256;384;0
294;../../../assets/exemplos/294.jpg;294;384;256;0
295;../../../assets/exemplos/295.jpg;295;384;256;0
296;../../../assets/exemplos/296.jpg;296;256;384;0
297;../../../assets/exemplos/297.jpg;297;256;384;0
298;../../../assets/exemplos/298.jpg;298;384;256;0
299;../../../assets/exemplos/299.jpg;299;384;256;0
300;../../../assets/exemplos/300.jpg;300;384;256;0
301;../../../assets/exemplos/301.jpg;301;384;256;0
302;../../../assets/exemplos/302.jpg;302;384;256;0
303;../../../assets/exemplos/303.jpg;303;384;256;0
304;../../../assets/exemplos/304.jpg;304;384;256;0
305;../../../assets/exemplos/305.jpg;305;384;256;0
306;../../../assets/exemplos/306.jpg;306;384;256;0
307;../../../assets/exemplos/307.jpg;307;384;256;0
308;../../../assets/exemplos/308.jpg;308;384;256;0
309;../../../assets/exemplos/309.jpg;309;384;256;0
310;../../../assets/exemplos/310.jpg;310;384;256;0
311;../../../assets/exemplos/311.jpg;311;384;256;0
312;../../../assets/exemplos/312.jpg;312;384;256;0
313;../../../assets/exemplos/313.jpg;313;384;256;0
314;../../../assets/exemplos/314.jpg;314;384;256;0
315;../../../assets/exemplos/315.jpg;315;384;256;0
316;../../../assets/exemplos/316.jpg;316;384;256;0
317;../../../assets/exemplos/317.jpg;317;384;256;0
318;../../../assets/exemplos/318.jpg;318;384;256;0
319;../../../assets/exemplos/319.jpg;319;384;256;0
320;../../../assets/exemplos/320.jpg;320;384;256;0
321;../../../assets/exemplos/321.jpg;321;384;256;0
322;../../../assets/exemplos/322.jpg;322;384;256;0
323;../../../assets/exemplos/323.jpg;323;384;256;0
324;../../../assets/exemplos/324.jpg;324;384;256;0
325;../../../assets/exemplos/325.jpg;325;384;256;0
326;../../../assets/exemplos/326.jpg;326;384;256;0
327;../../../assets/exemplos/327.jpg;327;384;256;0
328;../../../assets/exemplos/328.jpg;328;384;256;0
329;../../../assets/exemplos/329.jpg;329;384;256;0
330;../../../assets/exemplos/330.jpg;330;384;256;0
331;../../../assets/exemplos/331.jpg;331;384;256;0
332;../../../assets/exemplos/332.jpg;332;384;256;0
333;../../../assets/exemplos/333.jpg;333;384;256;0
334;../../../assets/exemplos/334.jpg;334;384;256;0
335;../../../assets/exemplos/335.jpg;335;384;256;0
336;../../../assets/exemplos/336.jpg;336;384;256;0
337;../../../assets/exemplos/337.jpg;337;384;256;0
338;../../../assets/exemplos/338.jpg;338;384;256;0
339;../../../assets/exemplos/339.jpg;339;384;256;0
340;../../../assets/exemplos/340.jpg;340;384;256;0
341;../../../assets/exemplos/341.jpg;341;384;256;0
342;../../../assets/exemplos/342.jpg;342;384;256;0
343;../../../assets/exemplos/343.jpg;343;384;256;0
344;../../../assets/exemplos/344.jpg;344;384;256;0
345;../../../assets/exemplos/345.jpg;345;384;256;0
346;../../../assets/exemplos/346.jpg;346;384;256;0
347;../../../assets/exemplos/347.jpg;347;384;256;0
348;../../../assets/exemplos/348.jpg;348;384;256;0
349;../../../assets/exemplos/349.jpg;349;384;256;0
350;../../../assets/exemplos/350.jpg;350;384;256;0
351;../../../assets/exemplos/351.jpg;351;384;256;0
352;../../../assets/exemplos/352.jpg;352;384;256;0
353;../../../assets/exemplos/353.jpg;353;384;256;0
354;../../../assets/exemplos/354.jpg;354;384;256;0
355;../../../assets/exemplos/355.jpg;355;384;256;0
356;../../../assets/exemplos/356.jpg;356;384;256;0
357;../../../assets/exemplos/357.jpg;357;384;256;0
358;../../../assets/exemplos/358.jpg;358;384;256;0
359;../../../assets/exemplos/359.jpg;359;384;256;0
360;../../../assets/exemplos/360.jpg;360;384;256;0
361;../../../assets/exemplos/361.jpg;361;384;256;0
362;../../../assets/exemplos/362.jpg;362;384;256;0
363;../../../assets/exemplos/363.jpg;363;384;256;0
364;../../../assets/exemplos/364.jpg;364;384;256;0
365;../../../assets/exemplos/365.jpg;365;384;256;0
366;../../../assets/exemplos/366.jpg;366;384;256;0
367;../../../assets/exemplos/367.jpg;367;384;256;0
368;../../../assets/exemplos/368.jpg;368;384;256;0
369;../../../assets/exemplos/369.jpg;369;384;256;0
370;../../../assets/exemplos/370.jpg;370;384;256;0
371;../../../assets/exemplos/371.jpg;371;384;256;0
372;../../../assets/exemplos/372.jpg;372;384;256;0
373;../../../assets/exemplos/373.jpg;373;384;256;0
374;../../../assets/exemplos/374.jpg;374;384;256;0
375;../../../assets/exemplos/375.jpg;375;384;256;0
376;../../../assets/exemplos/376.jpg;376;384;256;0
377;../../../assets/exemplos/377.jpg;377;384;256;0
378;../../../assets/exemplos/378.jpg;378;384;256;0
379;../../../assets/exemplos/379.jpg;379;384;256;0
380;../../../assets/exemplos/380.jpg;380;384;256;0
381;../../../assets/exemplos/381.jpg;381;384;256;0
382;../../../assets/exemplos/382.jpg;382;384;256;0
383;../../../assets/exemplos/383.jpg;383;384;256;0
384;../../../assets/exemplos/384.jpg;384;384;256;0
385;../../../assets/exemplos/385.jpg;385;384;256;0
386;../../../assets/exemplos/386.jpg;386;384;256;0
387;../../../assets/exemplos/387.jpg;387;384;256;0
388;../../../assets/exemplos/388.jpg;388;384;256;0
389;../../../assets/exemplos/389.jpg;389;384;256;0
390;../../../assets/exemplos/390.jpg;390;384;256;0
391;../../../assets/exemplos/391.jpg;391;384;256;0
392;../../../assets/exemplos/392.jpg;392;384;256;0
393;../../../assets/exemplos/393.jpg;393;256;384;0
394;../../../assets/exemplos/394.jpg;394;384;256;0
395;../../../assets/exemplos/395.jpg;395;384;256;0
396;../../../assets/exemplos/396.jpg;396;384;256;0
397;../../../assets/exemplos/397.jpg;397;384;256;0
398;../../../assets/exemplos/398.jpg;398;384;256;0
399;../../../assets/exemplos/399.jpg;399;256;384;0
400;../../../assets/exemplos/400.jpg;400;384;256;0
401;../../../assets/exemplos/401.jpg;401;384;256;0
402;../../../assets/exemplos/402.jpg;402;384;256;0
403;../../../assets/exemplos/403.jpg;403;384;256;0
404;../../../assets/exemplos/404.jpg;404;384;256;0
405;../../../assets/exemplos/405.jpg;405;384;256;0
406;../../../assets/exemplos/406.jpg;406;384;256;0
407;../../../assets/exemplos/407.jpg;407;384;256;0
408;../../../assets/exemplos/408.jpg;408;384;256;0
409;../../../assets/exemplos/409.jpg;409;384;256;0
410;../../../assets/exemplos/410.jpg;410;384;256;0
411;../../../assets/exemplos/411.jpg;411;384;256;0
412;../../../assets/exemplos/412.jpg;412;384;256;0
413;../../../assets/exemplos/413.jpg;413;384;256;0
414;../../../assets/exemplos/414.jpg;414;384;256;0
415;../../../assets/exemplos/415.jpg;415;384;256;0
416;../../../assets/exemplos/416.jpg;416;384;256;0
417;../../../assets/exemplos/417.jpg;417;384;256;0
418;../../../assets/exemplos/418.jpg;418;384;256;0
419;../../../assets/exemplos/419.jpg;419;384;256;0
420;../../../assets/exemplos/420.jpg;420;384;256;0
421;../../../assets/exemplos/421.jpg;421;384;256;0
422;../../../assets/exemplos/422.jpg;422;384;256;0
423;../../../assets/exemplos/423.jpg;423;384;256;0
424;../../../assets/exemplos/424.jpg;424;384;256;0
425;../../../assets/exemplos/425.jpg;425;384;256;0
426;../../../assets/exemplos/426.jpg;426;384;256;0
427;../../../assets/exemplos/427.jpg;427;384;256;0
428;../../../assets/exemplos/428.jpg;428;384;256;0
429;../../../assets/exemplos/429.jpg;429;384;256;0
430;../../../assets/exemplos/430.jpg;430;384;256;0
431;../../../assets/exemplos/431.jpg;431;384;256;0
432;../../../assets/exemplos/432.jpg;432;384;256;0
433;../../../assets/exemplos/433.jpg;433;384;256;0
434;../../../assets/exemplos/434.jpg;434;384;256;0
435;../../../assets/exemplos/435.jpg;435;384;256;0
436;../../../assets/exemplos/436.jpg;436;384;256;0
437;../../../assets/exemplos/437.jpg;437;384;256;0
438;../../../assets/exemplos/438.jpg;438;384;256;0
439;../../../assets/exemplos/439.jpg;439;384;256;0
440;../../../assets/exemplos/440.jpg;440;384;256;0
441;../../../assets/exemplos/441.jpg;441;384;256;0
442;../../../assets/exemplos/442.jpg;442;384;256;0
443;../../../assets/exemplos/443.jpg;443;384;256;0
444;../../../assets/exemplos/444.jpg;444;384;256;0
445;../../../assets/exemplos/445.jpg;445;384;256;0
446;../../../assets/exemplos/446.jpg;446;384;256;0
447;../../../assets/exemplos/447.jpg;447;384;256;0
448;../../../assets/exemplos/448.jpg;448;384;256;0
449;../../../assets/exemplos/449.jpg;449;384;256;0
450;../../../assets/exemplos/450.jpg;450;384;256;0
451;../../../assets/exemplos/451.jpg;451;384;256;0
452;../../../assets/exemplos/452.jpg;452;384;256;0
453;../../../assets/exemplos/453.jpg;453;384;256;0
454;../../../assets/exemplos/454.jpg;454;384;256;0
455;../../../assets/exemplos/455.jpg;455;384;256;0
456;../../../assets/exemplos/456.jpg;456;384;256;0
457;../../../assets/exemplos/457.jpg;457;384;256;0
458;../../../assets/exemplos/458.jpg;458;384;256;0
459;../../../assets/exemplos/459.jpg;459;384;256;0
460;../../../assets/exemplos/460.jpg;460;384;256;0
461;../../../assets/exemplos/461.jpg;461;384;256;0
462;../../../assets/exemplos/462.jpg;462;384;256;0
463;../../../assets/exemplos/463.jpg;463;384;256;0
464;../../../assets/exemplos/464.jpg;464;384;256;0
465;../../../assets/exemplos/465.jpg;465;384;256;0
466;../../../assets/exemplos/466.jpg;466;384;256;0
467;../../../assets/exemplos/467.jpg;467;384;256;0
468;../../../assets/exemplos/468.jpg;468;384;256;0
469;../../../assets/exemplos/469.jpg;469;384;256;0
470;../../../assets/exemplos/470.jpg;470;384;256;0
471;../../../assets/exemplos/471.jpg;471;384;256;0
472;../../../assets/exemplos/472.jpg;472;384;256;0
473;../../../assets/exemplos/473.jpg;473;384;256;0
474;../../../assets/exemplos/474.jpg;474;384;256;0
475;../../../assets/exemplos/475.jpg;475;384;256;0
476;../../../assets/exemplos/476.jpg;476;384;256;0
477;../../../assets/exemplos/477.jpg;477;384;256;0
478;../../../assets/exemplos/478.jpg;478;384;256;0
479;../../../assets/exemplos/479.jpg;479;384;256;0
480;../../../assets/exemplos/480.jpg;480;384;256;0
481;../../../assets/exemplos/481.jpg;481;384;256;0
482;../../../assets/exemplos/482.jpg;482;384;256;0
483;../../../assets/exemplos/483.jpg;483;384;256;0
484;../../../assets/exemplos/484.jpg;484;384;256;0
485;../../../assets/exemplos/485.jpg;485;384;256;0
486;../../../assets/exemplos/486.jpg;486;384;256;0
487;../../../assets/exemplos/487.jpg;487;384;256;0
488;../../../assets/exemplos/488.jpg;488;384;256;0
489;../../../assets/exemplos/489.jpg;489;384;256;0
490;../../../assets/exemplos/490.jpg;490;384;256;0
491;../../../assets/exemplos/491.jpg;491;384;256;0
492;../../../assets/exemplos/492.jpg;492;384;256;0
493;../../../assets/exemplos/493.jpg;493;384;256;0
494;../../../assets/exemplos/494.jpg;494;384;256;0
495;../../../assets/exemplos/495.jpg;495;384;256;0
496;../../../assets/exemplos/496.jpg;496;384;256;0
497;../../../assets/exemplos/497.jpg;497;384;256;0
498;../../../assets/exemplos/498.jpg;498;384;256;0
499;../../../assets/exemplos/499.jpg;499;384;256;0
500;../../../assets/exemplos/500.jpg;500;256;384;0
501;../../../assets/exemplos/501.jpg;501;384;256;0
502;../../../assets/exemplos/502.jpg;502;256;384;0
503;../../../assets/exemplos/503.jpg;503;384;256;0
504;../../../assets/exemplos/504.jpg;504;256;384;0
505;../../../assets/exemplos/505.jpg;505;384;256;0
506;../../../assets/exemplos/506.jpg;506;384;256;0
507;../../../assets/exemplos/507.jpg;507;384;256;0
508;../../../assets/exemplos/508.jpg;508;384;256;0
509;../../../assets/exemplos/509.jpg;509;384;256;0
510;../../../assets/exemplos/510.jpg;510;384;256;0
511;../../../assets/exemplos/511.jpg;511;384;256;0
512;../../../assets/exemplos/512.jpg;512;384;256;0
513;../../../assets/exemplos/513.jpg;513;384;256;0
514;../../../assets/exemplos/514.jpg;514;384;256;0
515;../../../assets/exemplos/515.jpg;515;384;256;0
516;../../../assets/exemplos/516.jpg;516;384;256;0
517;../../../assets/exemplos/517.jpg;517;384;256;0
518;../../../assets/exemplos/518.jpg;518;384;256;0
519;../../../assets/exemplos/519.jpg;519;384;256;0
520;../../../assets/exemplos/520.jpg;520;384;256;0
521;../../../assets/exemplos/521.jpg;521;384;256;0
522;../../../assets/exemplos/522.jpg;522;384;256;0
523;../../../assets/exemplos/523.jpg;523;384;256;0
524;../../../assets/exemplos/524.jpg;524;256;384;0
525;../../../assets/exemplos/525.jpg;525;384;256;0
526;../../../assets/exemplos/526.jpg;526;256;384;0
527;../../../assets/exemplos/527.jpg;527;384;256;0
528;../../../assets/exemplos/528.jpg;528;384;256;0
529;../../../assets/exemplos/529.jpg;529;384;256;0
530;../../../assets/exemplos/530.jpg;530;384;256;0
531;../../../assets/exemplos/531.jpg;531;384;256;0
532;../../../assets/exemplos/532.jpg;532;384;256;0
533;../../../assets/exemplos/533.jpg;533;256;384;0
534;../../../assets/exemplos/534.jpg;534;384;256;0
535;../../../assets/exemplos/535.jpg;535;384;256;0
536;../../../assets/exemplos/536.jpg;536;384;256;0
537;../../../assets/exemplos/537.jpg;537;384;256;0
538;../../../assets/exemplos/538.jpg;538;384;256;0
539;../../../assets/exemplos/539.jpg;539;384;256;0
540;../../../assets/exemplos/540.jpg;540;384;256;0
541;../../../assets/exemplos/541.jpg;541;384;256;0
542;../../../assets/exemplos/542.jpg;542;384;256;0
543;../../../assets/exemplos/543.jpg;543;384;256;0
544;../../../assets/exemplos/544.jpg;544;384;256;0
545;../../../assets/exemplos/545.jpg;545;384;256;0
546;../../../assets/exemplos/546.jpg;546;384;256;0
547;../../../assets/exemplos/547.jpg;547;384;256;0
548;../../../assets/exemplos/548.jpg;548;384;256;0
549;../../../assets/exemplos/549.jpg;549;384;256;0
550;../../../assets/exemplos/550.jpg;550;384;256;0
551;../../../assets/exemplos/551.jpg;551;384;256;0
552;../../../assets/exemplos/552.jpg;552;384;256;0
553;../../../assets/exemplos/553.jpg;553;256;384;0
554;../../../assets/exemplos/554.jpg;554;384;256;0
555;../../../assets/exemplos/555.jpg;555;256;384;0
556;../../../assets/exemplos/556.jpg;556;384;256;0
557;../../../assets/exemplos/557.jpg;557;384;256;0
558;../../../assets/exemplos/558.jpg;558;384;256;0
559;../../../assets/exemplos/559.jpg;559;384;256;0
560;../../../assets/exemplos/560.jpg;560;384;256;0
561;../../../assets/exemplos/561.jpg;561;384;256;0
562;../../../assets/exemplos/562.jpg;562;384;256;0
563;../../../assets/exemplos/563.jpg;563;384;256;0
564;../../../assets/exemplos/564.jpg;564;384;256;0
565;../../../assets/exemplos/565.jpg;565;384;256;0
566;../../../assets/exemplos/566.jpg;566;384;256;0
567;../../../assets/exemplos/567.jpg;567;384;256;0
568;../../../assets/exemplos/568.jpg;568;384;256;0
569;../../../assets/exemplos/569.jpg;569;384;256;0
570;../../../assets/exemplos/570.jpg;570;384;256;0
571;../../../assets/exemplos/571.jpg;571;384;256;0
572;../../../assets/exemplos/572.jpg;572;384;256;0
573;../../../assets/exemplos/573.jpg;573;384;256;0
574;../../../assets/exemplos/574.jpg;574;256;384;0
575;../../../assets/exemplos/575.jpg;575;384;256;0
576;../../../assets/exemplos/576.jpg;576;384;256;0
577;../../../assets/exemplos/577.jpg;577;384;256;0
578;../../../assets/exemplos/578.jpg;578;384;256;0
579;../../../assets/exemplos/579.jpg;579;384;256;0
580;../../../assets/exemplos/580.jpg;580;384;256;0
581;../../../assets/exemplos/581.jpg;581;384;256;0
582;../../../assets/exemplos/582.jpg;582;256;384;0
583;../../../assets/exemplos/583.jpg;583;384;256;0
584;../../../assets/exemplos/584.jpg;584;384;256;0
585;../../../assets/exemplos/585.jpg;585;256;384;0
586;../../../assets/exemplos/586.jpg;586;384;256;0
587;../../../assets/exemplos/587.jpg;587;384;256;0
588;../../../assets/exemplos/588.jpg;588;384;256;0
589;../../../assets/exemplos/589.jpg;589;384;256;0
590;../../../assets/exemplos/590.jpg;590;384;256;0
591;../../../assets/exemplos/591.jpg;591;256;384;0
592;../../../assets/exemplos/592.jpg;592;384;256;0
593;../../../assets/exemplos/593.jpg;593;384;256;0
594;../../../assets/exemplos/594.jpg;594;384;256;0
595;../../../assets/exemplos/595.jpg;595;384;256;0
596;../../../assets/exemplos/596.jpg;596;256;384;0
597;../../../assets/exemplos/597.jpg;597;384;256;0
598;../../../assets/exemplos/598.jpg;598;256;384;0
599;../../../assets/exemplos/599.jpg;599;256;384;0
600;../../../assets/exemplos/600.jpg;600;384;256;0
601;../../../assets/exemplos/601.jpg;601;384;256;0
602;../../../assets/exemplos/602.jpg;602;384;256;0
603;../../../assets/exemplos/603.jpg;603;384;256;0
604;../../../assets/exemplos/604.jpg;604;384;256;0
605;../../../assets/exemplos/605.jpg;605;384;256;0
606;../../../assets/exemplos/606.jpg;606;384;256;0
607;../../../assets/exemplos/607.jpg;607;384;256;0
608;../../../assets/exemplos/608.jpg;608;384;256;0
609;../../../assets/exemplos/609.jpg;609;384;256;0
610;../../../assets/exemplos/610.jpg;610;384;256;0
611;../../../assets/exemplos/611.jpg;611;384;256;0
612;../../../assets/exemplos/612.jpg;612;384;256;0
613;../../../assets/exemplos/613.jpg;613;384;256;0
614;../../../assets/exemplos/614.jpg;614;384;256;0
615;../../../assets/exemplos/615.jpg;615;384;256;0
616;../../../assets/exemplos/616.jpg;616;384;256;0
617;../../../assets/exemplos/617.jpg;617;384;256;0
618;../../../assets/exemplos/618.jpg;618;384;256;0
619;../../../assets/exemplos/619.jpg;619;384;256;0
620;../../../assets/exemplos/620.jpg;620;384;256;0
621;../../../assets/exemplos/621.jpg;621;384;256;0
622;../../../assets/exemplos/622.jpg;622;384;256;0
623;../../../assets/exemplos/623.jpg;623;384;256;0
624;../../../assets/exemplos/624.jpg;624;384;256;0
625;../../../assets/exemplos/625.jpg;625;384;256;0
626;../../../assets/exemplos/626.jpg;626;384;256;0
627;../../../assets/exemplos/627.jpg;627;384;256;0
628;../../../assets/exemplos/628.jpg;628;384;256;0
629;../../../assets/exemplos/629.jpg;629;384;256;0
630;../../../assets/exemplos/630.jpg;630;384;256;0
631;../../../assets/exemplos/631.jpg;631;384;256;0
632;../../../assets/exemplos/632.jpg;632;384;256;0
633;../../../assets/exemplos/633.jpg;633;384;256;0
634;../../../assets/exemplos/634.jpg;634;384;256;0
635;../../../assets/exemplos/635.jpg;635;384;256;0
636;../../../assets/exemplos/636.jpg;636;384;256;0
637;../../../assets/exemplos/637.jpg;637;384;256;0
638;../../../assets/exemplos/638.jpg;638;384;256;0
639;../../../assets/exemplos/639.jpg;639;384;256;0
640;../../../assets/exemplos/640.jpg;640;384;256;0
641;../../../assets/exemplos/641.jpg;641;384;256;0
642;../../../assets/exemplos/642.jpg;642;384;256;0
643;../../../assets/exemplos/643.jpg;643;384;256;0
644;../../../assets/exemplos/644.jpg;644;384;256;0
645;../../../assets/exemplos/645.jpg;645;384;256;0
646;../../../assets/exemplos/646.jpg;646;384;256;0
647;../../../assets/exemplos/647.jpg;647;384;256;0
648;../../../assets/exemplos/648.jpg;648;384;256;0
649;../../../assets/exemplos/649.jpg;649;384;256;0
650;../../../assets/exemplos/650.jpg;650;384;256;0
651;../../../assets/exemplos/651.jpg;651;384;256;0
652;../../../assets/exemplos/652.jpg;652;384;256;0
653;../../../assets/exemplos/653.jpg;653;384;256;0
654;../../../assets/exemplos/654.jpg;654;384;256;0
655;../../../assets/exemplos/655.jpg;655;384;256;0
656;../../../assets/exemplos/656.jpg;656;384;256;0
657;../../../assets/exemplos/657.jpg;657;384;256;0
658;../../../assets/exemplos/658.jpg;658;384;256;0
659;../../../assets/exemplos/659.jpg;659;384;256;0
660;../../../assets/exemplos/660.jpg;660;384;256;0
661;../../../assets/exemplos/661.jpg;661;384;256;0
662;../../../assets/exemplos/662.jpg;662;384;256;0
663;../../../assets/exemplos/663.jpg;663;384;256;0
664;../../../assets/exemplos/664.jpg;664;384;256;0
665;../../../assets/exemplos/665.jpg;665;384;256;0
666;../../../assets/exemplos/666.jpg;666;384;256;0
667;../../../assets/exemplos/667.jpg;667;384;256;0
668;../../../assets/exemplos/668.jpg;668;384;256;0
669;../../../assets/exemplos/669.jpg;669;384;256;0
670;../../../assets/exemplos/670.jpg;670;384;256;0
671;../../../assets/exemplos/671.jpg;671;384;256;0
672;../../../assets/exemplos/672.jpg;672;384;256;0
673;../../../assets/exemplos/673.jpg;673;384;256;0
674;../../../assets/exemplos/674.jpg;674;256;384;0
675;../../../assets/exemplos/675.jpg;675;384;256;0
676;../../../assets/exemplos/676.jpg;676;256;384;0
677;../../../assets/exemplos/677.jpg;677;256;384;0
678;../../../assets/exemplos/678.jpg;678;256;384;0
679;../../../assets/exemplos/679.jpg;679;256;384;0
680;../../../assets/exemplos/680.jpg;680;256;384;0
681;../../../assets/exemplos/681.jpg;681;384;256;0
682;../../../assets/exemplos/682.jpg;682;384;256;0
683;../../../assets/exemplos/683.jpg;683;384;256;0
684;../../../assets/exemplos/684.jpg;684;256;384;0
685;../../../assets/exemplos/685.jpg;685;384;256;0
686;../../../assets/exemplos/686.jpg;686;384;256;0
687;../../../assets/exemplos/687.jpg;687;384;256;0
688;../../../assets/exemplos/688.jpg;688;384;256;0
689;../../../assets/exemplos/689.jpg;689;384;256;0
690;../../../assets/exemplos/690.jpg;690;384;256;0
691;../../../assets/exemplos/691.jpg;691;384;256;0
692;../../../assets/exemplos/692.jpg;692;384;256;0
693;../../../assets/exemplos/693.jpg;693;384;256;0
694;../../../assets/exemplos/694.jpg;694;384;256;0
695;../../../assets/exemplos/695.jpg;695;384;256;0
696;../../../assets/exemplos/696.jpg;696;384;256;0
697;../../../assets/exemplos/697.jpg;697;256;384;0
698;../../../assets/exemplos/698.jpg;698;384;256;0
699;../../../assets/exemplos/699.jpg;699;384;256;0
700;../../../assets/exemplos/700.jpg;700;384;256;0
701;../../../assets/exemplos/701.jpg;701;384;256;0
702;../../../assets/exemplos/702.jpg;702;384;256;0
703;../../../assets/exemplos/703.jpg;703;384;256;0
704;../../../assets/exemplos/704.jpg;704;384;256;0
705;../../../assets/exemplos/705.jpg;705;384;256;0
706;../../../assets/exemplos/706.jpg;706;384;256;0
707;../../../assets/exemplos/707.jpg;707;384;256;0
708;../../../assets/exemplos/708.jpg;708;384;256;0
709;../../../assets/exemplos/709.jpg;709;256;384;0
710;../../../assets/exemplos/710.jpg;710;384;256;0
711;../../../assets/exemplos/711.jpg;711;384;256;0
712;../../../assets/exemplos/712.jpg;712;384;256;0
713;../../../assets/exemplos/713.jpg;713;384;256;0
714;../../../assets/exemplos/714.jpg;714;384;256;0
715;../../../assets/exemplos/715.jpg;715;384;256;0
716;../../../assets/exemplos/716.jpg;716;384;256;0
717;../../../assets/exemplos/717.jpg;717;384;256;0
718;../../../assets/exemplos/718.jpg;718;384;256;0
719;../../../assets/exemplos/719.jpg;719;384;256;0
720;../../../assets/exemplos/720.jpg;720;384;256;0
721;../../../assets/exemplos/721.jpg;721;384;256;0
722;../../../assets/exemplos/722.jpg;722;256;384;0
723;../../../assets/exemplos/723.jpg;723;384;256;0
724;../../../assets/exemplos/724.jpg;724;384;256;0
725;../../../assets/exemplos/725.jpg;725;384;256;0
726;../../../assets/exemplos/726.jpg;726;384;256;0
727;../../../assets/exemplos/727.jpg;727;384;256;0
728;../../../assets/exemplos/728.jpg;728;384;256;0
729;../../../assets/exemplos/729.jpg;729;384;256;0
730;../../../assets/exemplos/730.jpg;730;384;256;0
731;../../../assets/exemplos/731.jpg;731;256;384;0
732;../../../assets/exemplos/732.jpg;732;384;256;0
733;../../../assets/exemplos/733.jpg;733;256;384;0
734;../../../assets/exemplos/734.jpg;734;384;256;0
735;../../../assets/exemplos/735.jpg;735;384;256;0
736;../../../assets/exemplos/736.jpg;736;384;256;0
737;../../../assets/exemplos/737.jpg;737;384;256;0
738;../../../assets/exemplos/738.jpg;738;384;256;0
739;../../../assets/exemplos/739.jpg;739;384;256;0
740;../../../assets/exemplos/740.jpg;740;384;256;0
741;../../../assets/exemplos/741.jpg;741;384;256;0
742;../../../assets/exemplos/742.jpg;742;384;256;0
743;../../../assets/exemplos/743.jpg;743;384;256;0
744;../../../assets/exemplos/744.jpg;744;384;256;0
745;../../../assets/exemplos/745.jpg;745;384;256;0
746;../../../assets/exemplos/746.jpg;746;384;256;0
747;../../../assets/exemplos/747.jpg;747;384;256;0
748;../../../assets/exemplos/748.jpg;748;384;256;0
749;../../../assets/exemplos/749.jpg;749;384;256;0
750;../../../assets/exemplos/750.jpg;750;384;256;0
751;../../../assets/exemplos/751.jpg;751;384;256;0
752;../../../assets/exemplos/752.jpg;752;384;256;0
753;../../../assets/exemplos/753.jpg;753;256;384;0
754;../../../assets/exemplos/754.jpg;754;256;384;0
755;../../../assets/exemplos/755.jpg;755;256;384;0
756;../../../assets/exemplos/756.jpg;756;256;384;0
757;../../../assets/exemplos/757.jpg;757;256;384;0
758;../../../assets/exemplos/758.jpg;758;384;256;0
759;../../../assets/exemplos/759.jpg;759;384;256;0
760;../../../assets/exemplos/760.jpg;760;384;256;0
761;../../../assets/exemplos/761.jpg;761;256;384;0
762;../../../assets/exemplos/762.jpg;762;384;256;0
763;../../../assets/exemplos/763.jpg;763;384;256;0
764;../../../assets/exemplos/764.jpg;764;384;256;0
765;../../../assets/exemplos/765.jpg;765;256;384;0
766;../../../assets/exemplos/766.jpg;766;384;256;0
767;../../../assets/exemplos/767.jpg;767;384;256;0
768;../../../assets/exemplos/768.jpg;768;384;256;0
769;../../../assets/exemplos/769.jpg;769;384;256;0
770;../../../assets/exemplos/770.jpg;770;384;256;0
771;../../../assets/exemplos/771.jpg;771;384;256;0
772;../../../assets/exemplos/772.jpg;772;384;256;0
773;../../../assets/exemplos/773.jpg;773;384;256;0
774;../../../assets/exemplos/774.jpg;774;384;256;0
775;../../../assets/exemplos/775.jpg;775;256;384;0
776;../../../assets/exemplos/776.jpg;776;256;384;0
777;../../../assets/exemplos/777.jpg;777;256;384;0
778;../../../assets/exemplos/778.jpg;778;256;384;0
779;../../../assets/exemplos/779.jpg;779;256;384;0
780;../../../assets/exemplos/780.jpg;780;256;384;0
781;../../../assets/exemplos/781.jpg;781;256;384;0
782;../../../assets/exemplos/782.jpg;782;256;384;0
783;../../../assets/exemplos/783.jpg;783;384;256;0
784;../../../assets/exemplos/784.jpg;784;384;256;0
785;../../../assets/exemplos/785.jpg;785;384;256;0
786;../../../assets/exemplos/786.jpg;786;384;256;0
787;../../../assets/exemplos/787.jpg;787;384;256;0
788;../../../assets/exemplos/788.jpg;788;384;256;0
789;../../../assets/exemplos/789.jpg;789;384;256;0
790;../../../assets/exemplos/790.jpg;790;384;256;0
791;../../../assets/exemplos/791.jpg;791;384;256;0
792;../../../assets/exemplos/792.jpg;792;384;256;0
793;../../../assets/exemplos/793.jpg;793;384;256;0
794;../../../assets/exemplos/794.jpg;794;256;384;0
795;../../../assets/exemplos/795.jpg;795;384;256;0
796;../../../assets/exemplos/796.jpg;796;384;256;0
797;../../../assets/exemplos/797.jpg;797;384;256;0
798;../../../assets/exemplos/798.jpg;798;384;256;0
799;../../../assets/exemplos/799.jpg;799;384;256;0
800;../../../assets/exemplos/800.jpg;800;384;256;0
801;../../../assets/exemplos/801.jpg;801;256;384;0
802;../../../assets/exemplos/802.jpg;802;384;256;0
803;../../../assets/exemplos/803.jpg;803;384;256;0
804;../../../assets/exemplos/804.jpg;804;384;256;0
805;../../../assets/exemplos/805.jpg;805;384;256;0
806;../../../assets/exemplos/806.jpg;806;256;384;0
807;../../../assets/exemplos/807.jpg;807;384;256;0
808;../../../assets/exemplos/808.jpg;808;256;384;0
809;../../../assets/exemplos/809.jpg;809;384;256;0
810;../../../assets/exemplos/810.jpg;810;256;384;0
811;../../../assets/exemplos/811.jpg;811;384;256;0
812;../../../assets/exemplos/812.jpg;812;256;384;0
813;../../../assets/exemplos/813.jpg;813;256;384;0
814;../../../assets/exemplos/814.jpg;814;256;384;0
815;../../../assets/exemplos/815.jpg;815;384;256;0
816;../../../assets/exemplos/816.jpg;816;384;256;0
817;../../../assets/exemplos/817.jpg;817;384;256;0
818;../../../assets/exemplos/818.jpg;818;256;384;0
819;../../../assets/exemplos/819.jpg;819;384;256;0
820;../../../assets/exemplos/820.jpg;820;256;384;0
821;../../../assets/exemplos/821.jpg;821;384;256;0
822;../../../assets/exemplos/822.jpg;822;384;256;0
823;../../../assets/exemplos/823.jpg;823;384;256;0
824;../../../assets/exemplos/824.jpg;824;384;256;0
825;../../../assets/exemplos/825.jpg;825;384;256;0
826;../../../assets/exemplos/826.jpg;826;384;256;0
827;../../../assets/exemplos/827.jpg;827;384;256;0
828;../../../assets/exemplos/828.jpg;828;384;256;0
829;../../../assets/exemplos/829.jpg;829;384;256;0
830;../../../assets/exemplos/830.jpg;830;384;256;0
831;../../../assets/exemplos/831.jpg;831;384;256;0
832;../../../assets/exemplos/832.jpg;832;256;384;0
833;../../../assets/exemplos/833.jpg;833;384;256;0
834;../../../assets/exemplos/834.jpg;834;384;256;0
835;../../../assets/exemplos/835.jpg;835;384;256;0
836;../../../assets/exemplos/836.jpg;836;256;384;0
837;../../../assets/exemplos/837.jpg;837;256;384;0
838;../../../assets/exemplos/838.jpg;838;384;256;0
839;../../../assets/exemplos/839.jpg;839;256;384;0
840;../../../assets/exemplos/840.jpg;840;256;384;0
841;../../../assets/exemplos/841.jpg;841;384;256;0
842;../../../assets/exemplos/842.jpg;842;256;384;0
843;../../../assets/exemplos/843.jpg;843;384;256;0
844;../../../assets/exemplos/844.jpg;844;384;256;0
845;../../../assets/exemplos/845.jpg;845;256;384;0
846;../../../assets/exemplos/846.jpg;846;384;256;0
847;../../../assets/exemplos/847.jpg;847;256;384;0
848;../../../assets/exemplos/848.jpg;848;256;384;0
849;../../../assets/exemplos/849.jpg;849;384;256;0
850;../../../assets/exemplos/850.jpg;850;256;384;0
851;../../../assets/exemplos/851.jpg;851;384;256;0
852;../../../assets/exemplos/852.jpg;852;384;256;0
853;../../../assets/exemplos/853.jpg;853;384;256;0
854;../../../assets/exemplos/854.jpg;854;384;256;0
855;../../../assets/exemplos/855.jpg;855;256;384;0
856;../../../assets/exemplos/856.jpg;856;256;384;0
857;../../../assets/exemplos/857.jpg;857;384;256;0
858;../../../assets/exemplos/858.jpg;858;384;256;0
859;../../../assets/exemplos/859.jpg;859;384;256;0
860;../../../assets/exemplos/860.jpg;860;384;256;0
861;../../../assets/exemplos/861.jpg;861;256;384;0
862;../../../assets/exemplos/862.jpg;862;384;256;0
863;../../../assets/exemplos/863.jpg;863;256;384;0
864;../../../assets/exemplos/864.jpg;864;256;384;0
865;../../../assets/exemplos/865.jpg;865;256;384;0
866;../../../assets/exemplos/866.jpg;866;384;256;0
867;../../../assets/exemplos/867.jpg;867;384;256;0
868;../../../assets/exemplos/868.jpg;868;384;256;0
869;../../../assets/exemplos/869.jpg;869;384;256;0
870;../../../assets/exemplos/870.jpg;870;384;256;0
871;../../../assets/exemplos/871.jpg;871;256;384;0
872;../../../assets/exemplos/872.jpg;872;256;384;0
873;../../../assets/exemplos/873.jpg;873;384;256;0
874;../../../assets/exemplos/874.jpg;874;384;256;0
875;../../../assets/exemplos/875.jpg;875;384;256;0
876;../../../assets/exemplos/876.jpg;876;384;256;0
877;../../../assets/exemplos/877.jpg;877;256;384;0
878;../../../assets/exemplos/878.jpg;878;384;256;0
879;../../../assets/exemplos/879.jpg;879;384;256;0
880;../../../assets/exemplos/880.jpg;880;384;256;0
881;../../../assets/exemplos/881.jpg;881;384;256;0
882;../../../assets/exemplos/882.jpg;882;384;256;0
883;../../../assets/exemplos/883.jpg;883;256;384;0
884;../../../assets/exemplos/884.jpg;884;256;384;0
885;../../../assets/exemplos/885.jpg;885;256;384;0
886;../../../assets/exemplos/886.jpg;886;256;384;0
887;../../../assets/exemplos/887.jpg;887;384;256;0
888;../../../assets/exemplos/888.jpg;888;256;384;0
889;../../../assets/exemplos/889.jpg;889;384;256;0
890;../../../assets/exemplos/890.jpg;890;384;256;0
891;../../../assets/exemplos/891.jpg;891;384;256;0
892;../../../assets/exemplos/892.jpg;892;384;256;0
893;../../../assets/exemplos/893.jpg;893;384;256;0
894;../../../assets/exemplos/894.jpg;894;384;256;0
895;../../../assets/exemplos/895.jpg;895;384;256;0
896;../../../assets/exemplos/896.jpg;896;384;256;0
897;../../../assets/exemplos/897.jpg;897;384;256;0
898;../../../assets/exemplos/898.jpg;898;256;384;0
899;../../../assets/exemplos/899.jpg;899;256;384;0
900;../../../assets/exemplos/900.jpg;900;256;384;0
901;../../../assets/exemplos/901.jpg;901;384;256;0
902;../../../assets/exemplos/902.jpg;902;384;256;0
903;../../../assets/exemplos/903.jpg;903;384;256;0
904;../../../assets/exemplos/904.jpg;904;384;256;0
905;../../../assets/exemplos/905.jpg;905;256;384;0
906;../../../assets/exemplos/906.jpg;906;384;256;0
907;../../../assets/exemplos/907.jpg;907;384;256;0
908;../../../assets/exemplos/908.jpg;908;384;256;0
909;../../../assets/exemplos/909.jpg;909;384;256;0
910;../../../assets/exemplos/910.jpg;910;384;256;0
911;../../../assets/exemplos/911.jpg;911;384;256;0
912;../../../assets/exemplos/912.jpg;912;256;384;0
913;../../../assets/exemplos/913.jpg;913;256;384;0
914;../../../assets/exemplos/914.jpg;914;384;256;0
915;../../../assets/exemplos/915.jpg;915;384;256;0
916;../../../assets/exemplos/916.jpg;916;256;384;0
917;../../../assets/exemplos/917.jpg;917;256;384;0
918;../../../assets/exemplos/918.jpg;918;384;256;0
919;../../../assets/exemplos/919.jpg;919;384;256;0
920;../../../assets/exemplos/920.jpg;920;384;256;0
921;../../../assets/exemplos/921.jpg;921;384;256;0
922;../../../assets/exemplos/922.jpg;922;256;384;0
923;../../../assets/exemplos/923.jpg;923;384;256;0
924;../../../assets/exemplos/924.jpg;924;384;256;0
925;../../../assets/exemplos/925.jpg;925;384;256;0
926;../../../assets/exemplos/926.jpg;926;384;256;0
927;../../../assets/exemplos/927.jpg;927;384;256;0
928;../../../assets/exemplos/928.jpg;928;256;384;0
929;../../../assets/exemplos/929.jpg;929;384;256;0
930;../../../assets/exemplos/930.jpg;930;256;384;0
931;../../../assets/exemplos/931.jpg;931;256;384;0
932;../../../assets/exemplos/932.jpg;932;384;256;0
933;../../../assets/exemplos/933.jpg;933;384;256;0
934;../../../assets/exemplos/934.jpg;934;384;256;0
935;../../../assets/exemplos/935.jpg;935;384;256;0
936;../../../assets/exemplos/936.jpg;936;256;384;0
937;../../../assets/exemplos/937.jpg;937;384;256;0
938;../../../assets/exemplos/938.jpg;938;256;384;0
939;../../../assets/exemplos/939.jpg;939;384;256;0
940;../../../assets/exemplos/940.jpg;940;384;256;0
941;../../../assets/exemplos/941.jpg;941;256;384;0
942;../../../assets/exemplos/942.jpg;942;384;256;0
943;../../../assets/exemplos/943.jpg;943;256;384;0
944;../../../assets/exemplos/944.jpg;944;384;256;0
945;../../../assets/exemplos/945.jpg;945;384;256;0
946;../../../assets/exemplos/946.jpg;946;384;256;0
947;../../../assets/exemplos/947.jpg;947;256;384;0
948;../../../assets/exemplos/948.jpg;948;256;384;0
949;../../../assets/exemplos/949.jpg;949;384;256;0
950;../../../assets/exemplos/950.jpg;950;256;384;0
951;../../../assets/exemplos/951.jpg;951;256;384;0
952;../../../assets/exemplos/952.jpg;952;384;256;0
953;../../../assets/exemplos/953.jpg;953;256;384;0
954;../../../assets/exemplos/954.jpg;954;384;256;0
955;../../../assets/exemplos/955.jpg;955;384;256;0
956;../../../assets/exemplos/956.jpg;956;384;256;0
957;../../../assets/exemplos/957.jpg;957;256;384;0
958;../../../assets/exemplos/958.jpg;958;256;384;0
959;../../../assets/exemplos/959.jpg;959;256;384;0
960;../../../assets/exemplos/960.jpg;960;384;256;0
961;../../../assets/exemplos/961.jpg;961;256;384;0
962;../../../assets/exemplos/962.jpg;962;384;256;0
963;../../../assets/exemplos/963.jpg;963;256;384;0
964;../../../assets/exemplos/964.jpg;964;256;384;0
965;../../../assets/exemplos/965.jpg;965;256;384;0
966;../../../assets/exemplos/966.jpg;966;384;256;0
967;../../../assets/exemplos/967.jpg;967;384;256;0
968;../../../assets/exemplos/968.jpg;968;384;256;0
969;../../../assets/exemplos/969.jpg;969;384;256;0
970;../../../assets/exemplos/970.jpg;970;384;256;0
971;../../../assets/exemplos/971.jpg;971;384;256;0
972;../../../assets/exemplos/972.jpg;972;256;384;0
973;../../../assets/exemplos/973.jpg;973;256;384;0
974;../../../assets/exemplos/974.jpg;974;384;256;0
975;../../../assets/exemplos/975.jpg;975;256;384;0
976;../../../assets/exemplos/976.jpg;976;384;256;0
977;../../../assets/exemplos/977.jpg;977;256;384;0
978;../../../assets/exemplos/978.jpg;978;256;384;0
979;../../../assets/exemplos/979.jpg;979;384;256;0
980;../../../assets/exemplos/980.jpg;980;256;384;0
981;../../../assets/exemplos/981.jpg;981;384;256;0
982;../../../assets/exemplos/982.jpg;982;384;256;0
983;../../../assets/exemplos/983.jpg;983;256;384;0
984;../../../assets/exemplos/984.jpg;984;384;256;0
985;../../../assets/exemplos/985.jpg;985;384;256;0
986;../../../assets/exemplos/986.jpg;986;384;256;0
987;../../../assets/exemplos/987.jpg;987;384;256;0
988;../../../assets/exemplos/988.jpg;988;384;256;0
989;../../../assets/exemplos/989.jpg;989;256;384;0
990;../../../assets/exemplos/990.jpg;990;384;256;0
991;../../../assets/exemplos/991.jpg;991;384;256;0
992;../../../assets/exemplos/992.jpg;992;384;256;0
993;../../../assets/exemplos/993.jpg;993;256;384;0
994;../../../assets/exemplos/994.jpg;994;384;256;0
995;../../../assets/exemplos/995.jpg;995;256;384;0
996;../../../assets/exemplos/996.jpg;996;384;256;0
997;../../../assets/exemplos/997.jpg;997;384;256;0
998;../../../assets/exemplos/998.jpg;998;384;256;0
999;../../../assets/exemplos/999.jpg;999;384;256;0
